{
    "Beverages": {
        "0": {
            "name": "Sting",
            "image": "sting.jpg",
            "price": 20
        },
        "1": {
            "name": "Pepsi",
            "image": "pepsi 1.jpg",
            "price": 20
        },
        "2": {
            "name": "Sprite",
            "image": "sprite.jpg",
            "price": 20
        },
        "3": {
            "name": "Mountain Dew",
            "image": "mountain dew.jpg",
            "price": 20
        }
    },
    "Snacks": {
        "0": {
            "name": "Maggie",
            "image": "maggie 1.jpg",
            "price": 25
        },
        "1": {
            "name": "Chowmein",
            "image": "chow-mein.jpg",
            "price": 70
        },
        "2": {
            "name": "Pakoda",
            "image": "pakoda.jpg",
            "price": 20
        }
    },
    "MainCourse": {
        "0": {
            "name": "Chicken Lolipop",
            "image": "chicken lolipop.jpg",
            "price": 40
        },
        "1": {
            "name": "Biryani",
            "image": "Chicken-Biryani.jpg",
            "price": 120
        },
        "2": {
            "name": "Chicken Chap",
            "image": "chicken-chaap.jpg",
            "price": 60
        },
        "3": {
            "name": "White Chicken",
            "image": "white chicken masala.jpg",
            "price": 70
        },
        "4": {
            "name": "Chicken Korma",
            "image": "Chicken-Korma.jpg",
            "price": 60
        }
    }
}