{
  "Starter": {
    "0": {
      "name": "Paneer Pakoda",
      "image": "Paneer-Pakora.jpg",
      "price": 220
    },
    "1": {
      "name": "Bread Butter",
      "image": "RndB1.jpg",
      "price": 100
    },
    "2": {
      "name": "Jam Bread",
      "image": "RNB2.jpg",
      "price": 50
    },
    "3": {
      "name": "Bread Pakoda",
      "image": "Bread-Pakora-1.jpg",
      "price": 60
    }
  },
  "veg": {
    "0": {
      "name": "Manchurian Rice",
      "image": "manchurian rice.jpeg",
      "price": 120
    },
    "1": {
      "name": "Sahi Paneer",
      "image": "Shahi-paneer.jpg",
      "price": 80
    },
    "2": {
      "name": "Paneer Butter Masala",
      "image": "Paneer-butter-masala.jpg",
      "price": 150
    },
    "3": {
      "name": "Malai Kofta",
      "image": "Malai_Kofta.jpg",
      "price": 120
    }
  },
  "nonVeg": {
    "0": {
      "name": "Tripple Rice",
      "image": "Tripple rice.jpg",
      "price": 130
    },
    "1": {
      "name": "Chicken Fried Rice",
      "image": "Chicken-Fried-Rice.jpg",
      "price": 90
    },
    "2": {
      "name": "Butter Chicken",
      "image": "butter-chicken.jpg",
      "price": 300
    },
    "3": {
      "name": "Fried Egg Rice",
      "image": "Fried egg Rice.jpeg",
      "price": 80
    }
  }
}