{
   "0" : {
        "name": "Sting",
        "image": "sting.jpg",
        "price": 20
    },

    "2" : {
        "name": "Pepsi",
        "image": "pepsi 1.jpg",
        "price": 40
    },
    "3" :{
        "name": "Sprite",
        "image": "sprite.jpg",
        "price": 20
    },
    "4" : {
        "name": "Mountain Dew",
        "image": "mountain dew.jpg",
        "price": 45
    },
    "5" :{
        "name": "Plain Maggie",
        "image": "plain maggie.jpg",
        "price": 30
    },
    {
        "name": "Fried Maggie",
        "image": "fried maggie.jpg",
        "price": 35
    },
    {
        "name": "Egg Roll",
        "image": "egg roll.jpg",
        "price": 45
    },
    {
        "name": "Bread Omlette",
        "image": "bread-omelette.jpg",
        "price": 30
    },
    {
        "name": "Omlette",
        "image": "Omelette-1.jpg",
        "price": 25
    },
    {
        "name": "Egg Maggie",
        "image": "egg-maggi.jpg",
        "price": 50
    },
    {
        "name": "Half Fried Egg",
        "image": "half fried egg.jpg",
        "price": 15
    },
    {
        "name": "Boiled Eggs",
        "image": "boiled egg.jpg",
        "price": 10
    }
}